"","Survived","Pclass","Name","Sex","Age","SibSp","Parch","Ticket","Fare","Cabin","Embarked"
"1","No",3,"Braund, Mr. Owen Harris","Male",22,1,0,"A/5 21171",7.25,"","Southampton"
"2","Yes",1,"Cumings, Mrs. John Bradley (Florence Briggs Thayer)","Female",38,1,0,"PC 17599",71.2833,"C85","Cherbourg"
"3","Yes",3,"Heikkinen, Miss. Laina","Female",26,0,0,"STON/O2. 3101282",7.925,"","Southampton"
"4","Yes",1,"Futrelle, Mrs. Jacques Heath (Lily May Peel)","Female",35,1,0,"113803",53.1,"C123","Southampton"
"5","No",3,"Allen, Mr. William Henry","Male",35,0,0,"373450",8.05,"","Southampton"
"7","No",1,"McCarthy, Mr. Timothy J","Male",54,0,0,"17463",51.8625,"E46","Southampton"
"8","No",3,"Palsson, Master. Gosta Leonard","Male",2,3,1,"349909",21.075,"","Southampton"
"9","Yes",3,"Johnson, Mrs. Oscar W (Elisabeth Vilhelmina Berg)","Female",27,0,2,"347742",11.1333,"","Southampton"
"10","Yes",2,"Nasser, Mrs. Nicholas (Adele Achem)","Female",14,1,0,"237736",30.0708,"","Cherbourg"
"11","Yes",3,"Sandstrom, Miss. Marguerite Rut","Female",4,1,1,"PP 9549",16.7,"G6","Southampton"
"12","Yes",1,"Bonnell, Miss. Elizabeth","Female",58,0,0,"113783",26.55,"C103","Southampton"
"13","No",3,"Saundercock, Mr. William Henry","Male",20,0,0,"A/5. 2151",8.05,"","Southampton"
"14","No",3,"Andersson, Mr. Anders Johan","Male",39,1,5,"347082",31.275,"","Southampton"
"15","No",3,"Vestrom, Miss. Hulda Amanda Adolfina","Female",14,0,0,"350406",7.8542,"","Southampton"
"16","Yes",2,"Hewlett, Mrs. (Mary D Kingcome) ","Female",55,0,0,"248706",16,"","Southampton"
"17","No",3,"Rice, Master. Eugene","Male",2,4,1,"382652",29.125,"","Queenstown"
"19","No",3,"Vander Planke, Mrs. Julius (Emelia Maria Vandemoortele)","Female",31,1,0,"345763",18,"","Southampton"
"21","No",2,"Fynney, Mr. Joseph J","Male",35,0,0,"239865",26,"","Southampton"
"22","Yes",2,"Beesley, Mr. Lawrence","Male",34,0,0,"248698",13,"D56","Southampton"
"23","Yes",3,"McGowan, Miss. Anna ""Annie""","Female",15,0,0,"330923",8.0292,"","Queenstown"
"24","Yes",1,"Sloper, Mr. William Thompson","Male",28,0,0,"113788",35.5,"A6","Southampton"
"25","No",3,"Palsson, Miss. Torborg Danira","Female",8,3,1,"349909",21.075,"","Southampton"
"26","Yes",3,"Asplund, Mrs. Carl Oscar (Selma Augusta Emilia Johansson)","Female",38,1,5,"347077",31.3875,"","Southampton"
"28","No",1,"Fortune, Mr. Charles Alexander","Male",19,3,2,"19950",263,"C23 C25 C27","Southampton"
"31","No",1,"Uruchurtu, Don. Manuel E","Male",40,0,0,"PC 17601",27.7208,"","Cherbourg"
"34","No",2,"Wheadon, Mr. Edward H","Male",66,0,0,"C.A. 24579",10.5,"","Southampton"
"35","No",1,"Meyer, Mr. Edgar Joseph","Male",28,1,0,"PC 17604",82.1708,"","Cherbourg"
"36","No",1,"Holverson, Mr. Alexander Oskar","Male",42,1,0,"113789",52,"","Southampton"
"38","No",3,"Cann, Mr. Ernest Charles","Male",21,0,0,"A./5. 2152",8.05,"","Southampton"
"39","No",3,"Vander Planke, Miss. Augusta Maria","Female",18,2,0,"345764",18,"","Southampton"
"40","Yes",3,"Nicola-Yarred, Miss. Jamila","Female",14,1,0,"2651",11.2417,"","Cherbourg"
"41","No",3,"Ahlin, Mrs. Johan (Johanna Persdotter Larsson)","Female",40,1,0,"7546",9.475,"","Southampton"
"42","No",2,"Turpin, Mrs. William John Robert (Dorothy Ann Wonnacott)","Female",27,1,0,"11668",21,"","Southampton"
"44","Yes",2,"Laroche, Miss. Simonne Marie Anne Andree","Female",3,1,2,"SC/Paris 2123",41.5792,"","Cherbourg"
"45","Yes",3,"Devaney, Miss. Margaret Delia","Female",19,0,0,"330958",7.8792,"","Queenstown"
"50","No",3,"Arnold-Franchi, Mrs. Josef (Josefine Franchi)","Female",18,1,0,"349237",17.8,"","Southampton"
"51","No",3,"Panula, Master. Juha Niilo","Male",7,4,1,"3101295",39.6875,"","Southampton"
"52","No",3,"Nosworthy, Mr. Richard Cater","Male",21,0,0,"A/4. 39886",7.8,"","Southampton"
"53","Yes",1,"Harper, Mrs. Henry Sleeper (Myna Haxtun)","Female",49,1,0,"PC 17572",76.7292,"D33","Cherbourg"
"54","Yes",2,"Faunthorpe, Mrs. Lizzie (Elizabeth Anne Wilkinson)","Female",29,1,0,"2926",26,"","Southampton"
"55","No",1,"Ostby, Mr. Engelhart Cornelius","Male",65,0,1,"113509",61.9792,"B30","Cherbourg"
"57","Yes",2,"Rugg, Miss. Emily","Female",21,0,0,"C.A. 31026",10.5,"","Southampton"
"58","No",3,"Novel, Mr. Mansouer","Male",28.5,0,0,"2697",7.2292,"","Cherbourg"
"59","Yes",2,"West, Miss. Constance Mirium","Female",5,1,2,"C.A. 34651",27.75,"","Southampton"
"60","No",3,"Goodwin, Master. William Frederick","Male",11,5,2,"CA 2144",46.9,"","Southampton"
"61","No",3,"Sirayanian, Mr. Orsen","Male",22,0,0,"2669",7.2292,"","Cherbourg"
"63","No",1,"Harris, Mr. Henry Birkhardt","Male",45,1,0,"36973",83.475,"C83","Southampton"
"64","No",3,"Skoog, Master. Harald","Male",4,3,2,"347088",27.9,"","Southampton"
"67","Yes",2,"Nye, Mrs. (Elizabeth Ramell)","Female",29,0,0,"C.A. 29395",10.5,"F33","Southampton"
"68","No",3,"Crease, Mr. Ernest James","Male",19,0,0,"S.P. 3464",8.1583,"","Southampton"
"69","Yes",3,"Andersson, Miss. Erna Alexandra","Female",17,4,2,"3101281",7.925,"","Southampton"
"70","No",3,"Kink, Mr. Vincenz","Male",26,2,0,"315151",8.6625,"","Southampton"
"71","No",2,"Jenkin, Mr. Stephen Curnow","Male",32,0,0,"C.A. 33111",10.5,"","Southampton"
"72","No",3,"Goodwin, Miss. Lillian Amy","Female",16,5,2,"CA 2144",46.9,"","Southampton"
"73","No",2,"Hood, Mr. Ambrose Jr","Male",21,0,0,"S.O.C. 14879",73.5,"","Southampton"
"74","No",3,"Chronopoulos, Mr. Apostolos","Male",26,1,0,"2680",14.4542,"","Cherbourg"
"75","Yes",3,"Bing, Mr. Lee","Male",32,0,0,"1601",56.4958,"","Southampton"
"76","No",3,"Moen, Mr. Sigurd Hansen","Male",25,0,0,"348123",7.65,"F G73","Southampton"
"79","Yes",2,"Caldwell, Master. Alden Gates","Male",0.83,0,2,"248738",29,"","Southampton"
"80","Yes",3,"Dowdell, Miss. Elizabeth","Female",30,0,0,"364516",12.475,"","Southampton"
"81","No",3,"Waelens, Mr. Achille","Male",22,0,0,"345767",9,"","Southampton"
"82","Yes",3,"Sheerlinck, Mr. Jan Baptist","Male",29,0,0,"345779",9.5,"","Southampton"
"84","No",1,"Carrau, Mr. Francisco M","Male",28,0,0,"113059",47.1,"","Southampton"
"85","Yes",2,"Ilett, Miss. Bertha","Female",17,0,0,"SO/C 14885",10.5,"","Southampton"
"86","Yes",3,"Backstrom, Mrs. Karl Alfred (Maria Mathilda Gustafsson)","Female",33,3,0,"3101278",15.85,"","Southampton"
"87","No",3,"Ford, Mr. William Neal","Male",16,1,3,"W./C. 6608",34.375,"","Southampton"
"89","Yes",1,"Fortune, Miss. Mabel Helen","Female",23,3,2,"19950",263,"C23 C25 C27","Southampton"
"90","No",3,"Celotti, Mr. Francesco","Male",24,0,0,"343275",8.05,"","Southampton"
"91","No",3,"Christmann, Mr. Emil","Male",29,0,0,"343276",8.05,"","Southampton"
"92","No",3,"Andreasson, Mr. Paul Edvin","Male",20,0,0,"347466",7.8542,"","Southampton"
"93","No",1,"Chaffee, Mr. Herbert Fuller","Male",46,1,0,"W.E.P. 5734",61.175,"E31","Southampton"
"94","No",3,"Dean, Mr. Bertram Frank","Male",26,1,2,"C.A. 2315",20.575,"","Southampton"
"95","No",3,"Coxon, Mr. Daniel","Male",59,0,0,"364500",7.25,"","Southampton"
"97","No",1,"Goldschmidt, Mr. George B","Male",71,0,0,"PC 17754",34.6542,"A5","Cherbourg"
"98","Yes",1,"Greenfield, Mr. William Bertram","Male",23,0,1,"PC 17759",63.3583,"D10 D12","Cherbourg"
"99","Yes",2,"Doling, Mrs. John T (Ada Julia Bone)","Female",34,0,1,"231919",23,"","Southampton"
"100","No",2,"Kantor, Mr. Sinai","Male",34,1,0,"244367",26,"","Southampton"
"101","No",3,"Petranec, Miss. Matilda","Female",28,0,0,"349245",7.8958,"","Southampton"
"103","No",1,"White, Mr. Richard Frasar","Male",21,0,1,"35281",77.2875,"D26","Southampton"
"104","No",3,"Johansson, Mr. Gustaf Joel","Male",33,0,0,"7540",8.6542,"","Southampton"
"105","No",3,"Gustafsson, Mr. Anders Vilhelm","Male",37,2,0,"3101276",7.925,"","Southampton"
"106","No",3,"Mionoff, Mr. Stoytcho","Male",28,0,0,"349207",7.8958,"","Southampton"
"107","Yes",3,"Salkjelsvik, Miss. Anna Kristine","Female",21,0,0,"343120",7.65,"","Southampton"
"109","No",3,"Rekic, Mr. Tido","Male",38,0,0,"349249",7.8958,"","Southampton"
"111","No",1,"Porter, Mr. Walter Chamberlain","Male",47,0,0,"110465",52,"C110","Southampton"
"112","No",3,"Zabour, Miss. Hileni","Female",14.5,1,0,"2665",14.4542,"","Cherbourg"
"113","No",3,"Barton, Mr. David John","Male",22,0,0,"324669",8.05,"","Southampton"
"114","No",3,"Jussila, Miss. Katriina","Female",20,1,0,"4136",9.825,"","Southampton"
"115","No",3,"Attalah, Miss. Malake","Female",17,0,0,"2627",14.4583,"","Cherbourg"
"116","No",3,"Pekoniemi, Mr. Edvard","Male",21,0,0,"STON/O 2. 3101294",7.925,"","Southampton"
"117","No",3,"Connors, Mr. Patrick","Male",70.5,0,0,"370369",7.75,"","Queenstown"
"118","No",2,"Turpin, Mr. William John Robert","Male",29,1,0,"11668",21,"","Southampton"
"119","No",1,"Baxter, Mr. Quigg Edmond","Male",24,0,1,"PC 17558",247.5208,"B58 B60","Cherbourg"
"120","No",3,"Andersson, Miss. Ellis Anna Maria","Female",2,4,2,"347082",31.275,"","Southampton"
"121","No",2,"Hickman, Mr. Stanley George","Male",21,2,0,"S.O.C. 14879",73.5,"","Southampton"
"123","No",2,"Nasser, Mr. Nicholas","Male",32.5,1,0,"237736",30.0708,"","Cherbourg"
"124","Yes",2,"Webber, Miss. Susan","Female",32.5,0,0,"27267",13,"E101","Southampton"
"125","No",1,"White, Mr. Percival Wayland","Male",54,0,1,"35281",77.2875,"D26","Southampton"
"126","Yes",3,"Nicola-Yarred, Master. Elias","Male",12,1,0,"2651",11.2417,"","Cherbourg"
"128","Yes",3,"Madsen, Mr. Fridtjof Arne","Male",24,0,0,"C 17369",7.1417,"","Southampton"
"130","No",3,"Ekstrom, Mr. Johan","Male",45,0,0,"347061",6.975,"","Southampton"
"131","No",3,"Drazenoic, Mr. Jozef","Male",33,0,0,"349241",7.8958,"","Cherbourg"
"132","No",3,"Coelho, Mr. Domingos Fernandeo","Male",20,0,0,"SOTON/O.Q. 3101307",7.05,"","Southampton"
"133","No",3,"Robins, Mrs. Alexander A (Grace Charity Laury)","Female",47,1,0,"A/5. 3337",14.5,"","Southampton"
"134","Yes",2,"Weisz, Mrs. Leopold (Mathilde Francoise Pede)","Female",29,1,0,"228414",26,"","Southampton"
"135","No",2,"Sobey, Mr. Samuel James Hayden","Male",25,0,0,"C.A. 29178",13,"","Southampton"
"136","No",2,"Richard, Mr. Emile","Male",23,0,0,"SC/PARIS 2133",15.0458,"","Cherbourg"
"137","Yes",1,"Newsom, Miss. Helen Monypeny","Female",19,0,2,"11752",26.2833,"D47","Southampton"
"138","No",1,"Futrelle, Mr. Jacques Heath","Male",37,1,0,"113803",53.1,"C123","Southampton"
"139","No",3,"Osen, Mr. Olaf Elon","Male",16,0,0,"7534",9.2167,"","Southampton"
"140","No",1,"Giglio, Mr. Victor","Male",24,0,0,"PC 17593",79.2,"B86","Cherbourg"
"142","Yes",3,"Nysten, Miss. Anna Sofia","Female",22,0,0,"347081",7.75,"","Southampton"
"143","Yes",3,"Hakkarainen, Mrs. Pekka Pietari (Elin Matilda Dolck)","Female",24,1,0,"STON/O2. 3101279",15.85,"","Southampton"
"144","No",3,"Burke, Mr. Jeremiah","Male",19,0,0,"365222",6.75,"","Queenstown"
"145","No",2,"Andrew, Mr. Edgardo Samuel","Male",18,0,0,"231945",11.5,"","Southampton"
"146","No",2,"Nicholls, Mr. Joseph Charles","Male",19,1,1,"C.A. 33112",36.75,"","Southampton"
"147","Yes",3,"Andersson, Mr. August Edvard (""Wennerstrom"")","Male",27,0,0,"350043",7.7958,"","Southampton"
"148","No",3,"Ford, Miss. Robina Maggie ""Ruby""","Female",9,2,2,"W./C. 6608",34.375,"","Southampton"
"149","No",2,"Navratil, Mr. Michel (""Louis M Hoffman"")","Male",36.5,0,2,"230080",26,"F2","Southampton"
"150","No",2,"Byles, Rev. Thomas Roussel Davids","Male",42,0,0,"244310",13,"","Southampton"
"151","No",2,"Bateman, Rev. Robert James","Male",51,0,0,"S.O.P. 1166",12.525,"","Southampton"
"152","Yes",1,"Pears, Mrs. Thomas (Edith Wearne)","Female",22,1,0,"113776",66.6,"C2","Southampton"
"153","No",3,"Meo, Mr. Alfonzo","Male",55.5,0,0,"A.5. 11206",8.05,"","Southampton"
"154","No",3,"van Billiard, Mr. Austin Blyler","Male",40.5,0,2,"A/5. 851",14.5,"","Southampton"
"156","No",1,"Williams, Mr. Charles Duane","Male",51,0,1,"PC 17597",61.3792,"","Cherbourg"
"157","Yes",3,"Gilnagh, Miss. Katherine ""Katie""","Female",16,0,0,"35851",7.7333,"","Queenstown"
"158","No",3,"Corn, Mr. Harry","Male",30,0,0,"SOTON/OQ 392090",8.05,"","Southampton"
"161","No",3,"Cribb, Mr. John Hatfield","Male",44,0,1,"371362",16.1,"","Southampton"
"162","Yes",2,"Watt, Mrs. James (Elizabeth ""Bessie"" Inglis Milne)","Female",40,0,0,"C.A. 33595",15.75,"","Southampton"
"163","No",3,"Bengtsson, Mr. John Viktor","Male",26,0,0,"347068",7.775,"","Southampton"
"164","No",3,"Calic, Mr. Jovo","Male",17,0,0,"315093",8.6625,"","Southampton"
"165","No",3,"Panula, Master. Eino Viljami","Male",1,4,1,"3101295",39.6875,"","Southampton"
"166","Yes",3,"Goldsmith, Master. Frank John William ""Frankie""","Male",9,0,2,"363291",20.525,"","Southampton"
"168","No",3,"Skoog, Mrs. William (Anna Bernhardina Karlsson)","Female",45,1,4,"347088",27.9,"","Southampton"
"170","No",3,"Ling, Mr. Lee","Male",28,0,0,"1601",56.4958,"","Southampton"
"171","No",1,"Van der hoef, Mr. Wyckoff","Male",61,0,0,"111240",33.5,"B19","Southampton"
"172","No",3,"Rice, Master. Arthur","Male",4,4,1,"382652",29.125,"","Queenstown"
"173","Yes",3,"Johnson, Miss. Eleanor Ileen","Female",1,1,1,"347742",11.1333,"","Southampton"
"174","No",3,"Sivola, Mr. Antti Wilhelm","Male",21,0,0,"STON/O 2. 3101280",7.925,"","Southampton"
"175","No",1,"Smith, Mr. James Clinch","Male",56,0,0,"17764",30.6958,"A7","Cherbourg"
"176","No",3,"Klasen, Mr. Klas Albin","Male",18,1,1,"350404",7.8542,"","Southampton"
"178","No",1,"Isham, Miss. Ann Elizabeth","Female",50,0,0,"PC 17595",28.7125,"C49","Cherbourg"
"179","No",2,"Hale, Mr. Reginald","Male",30,0,0,"250653",13,"","Southampton"
"180","No",3,"Leonard, Mr. Lionel","Male",36,0,0,"LINE",0,"","Southampton"
"183","No",3,"Asplund, Master. Clarence Gustaf Hugo","Male",9,4,2,"347077",31.3875,"","Southampton"
"184","Yes",2,"Becker, Master. Richard F","Male",1,2,1,"230136",39,"F4","Southampton"
"185","Yes",3,"Kink-Heilmann, Miss. Luise Gretchen","Female",4,0,2,"315153",22.025,"","Southampton"
"188","Yes",1,"Romaine, Mr. Charles Hallace (""Mr C Rolmane"")","Male",45,0,0,"111428",26.55,"","Southampton"
"189","No",3,"Bourke, Mr. John","Male",40,1,1,"364849",15.5,"","Queenstown"
"190","No",3,"Turcin, Mr. Stjepan","Male",36,0,0,"349247",7.8958,"","Southampton"
"191","Yes",2,"Pinsky, Mrs. (Rosa)","Female",32,0,0,"234604",13,"","Southampton"
"192","No",2,"Carbines, Mr. William","Male",19,0,0,"28424",13,"","Southampton"
"193","Yes",3,"Andersen-Jensen, Miss. Carla Christine Nielsine","Female",19,1,0,"350046",7.8542,"","Southampton"
"194","Yes",2,"Navratil, Master. Michel M","Male",3,1,1,"230080",26,"F2","Southampton"
"195","Yes",1,"Brown, Mrs. James Joseph (Margaret Tobin)","Female",44,0,0,"PC 17610",27.7208,"B4","Cherbourg"
"196","Yes",1,"Lurette, Miss. Elise","Female",58,0,0,"PC 17569",146.5208,"B80","Cherbourg"
"198","No",3,"Olsen, Mr. Karl Siegwart Andreas","Male",42,0,1,"4579",8.4042,"","Southampton"
"200","No",2,"Yrois, Miss. Henriette (""Mrs Harbeck"")","Female",24,0,0,"248747",13,"","Southampton"
"201","No",3,"Vande Walle, Mr. Nestor Cyriel","Male",28,0,0,"345770",9.5,"","Southampton"
"203","No",3,"Johanson, Mr. Jakob Alfred","Male",34,0,0,"3101264",6.4958,"","Southampton"
"204","No",3,"Youseff, Mr. Gerious","Male",45.5,0,0,"2628",7.225,"","Cherbourg"
"205","Yes",3,"Cohen, Mr. Gurshon ""Gus""","Male",18,0,0,"A/5 3540",8.05,"","Southampton"
"206","No",3,"Strom, Miss. Telma Matilda","Female",2,0,1,"347054",10.4625,"G6","Southampton"
"207","No",3,"Backstrom, Mr. Karl Alfred","Male",32,1,0,"3101278",15.85,"","Southampton"
"208","Yes",3,"Albimona, Mr. Nassef Cassem","Male",26,0,0,"2699",18.7875,"","Cherbourg"
"209","Yes",3,"Carr, Miss. Helen ""Ellen""","Female",16,0,0,"367231",7.75,"","Queenstown"
"210","Yes",1,"Blank, Mr. Henry","Male",40,0,0,"112277",31,"A31","Cherbourg"
"211","No",3,"Ali, Mr. Ahmed","Male",24,0,0,"SOTON/O.Q. 3101311",7.05,"","Southampton"
"212","Yes",2,"Cameron, Miss. Clear Annie","Female",35,0,0,"F.C.C. 13528",21,"","Southampton"
"213","No",3,"Perkin, Mr. John Henry","Male",22,0,0,"A/5 21174",7.25,"","Southampton"
"214","No",2,"Givard, Mr. Hans Kristensen","Male",30,0,0,"250646",13,"","Southampton"
"216","Yes",1,"Newell, Miss. Madeleine","Female",31,1,0,"35273",113.275,"D36","Cherbourg"
"217","Yes",3,"Honkanen, Miss. Eliina","Female",27,0,0,"STON/O2. 3101283",7.925,"","Southampton"
"218","No",2,"Jacobsohn, Mr. Sidney Samuel","Male",42,1,0,"243847",27,"","Southampton"
"219","Yes",1,"Bazzani, Miss. Albina","Female",32,0,0,"11813",76.2917,"D15","Cherbourg"
"220","No",2,"Harris, Mr. Walter","Male",30,0,0,"W/C 14208",10.5,"","Southampton"
"221","Yes",3,"Sunderland, Mr. Victor Francis","Male",16,0,0,"SOTON/OQ 392089",8.05,"","Southampton"
"222","No",2,"Bracken, Mr. James H","Male",27,0,0,"220367",13,"","Southampton"
"223","No",3,"Green, Mr. George Henry","Male",51,0,0,"21440",8.05,"","Southampton"
"225","Yes",1,"Hoyt, Mr. Frederick Maxfield","Male",38,1,0,"19943",90,"C93","Southampton"
"226","No",3,"Berglund, Mr. Karl Ivar Sven","Male",22,0,0,"PP 4348",9.35,"","Southampton"
"227","Yes",2,"Mellors, Mr. William John","Male",19,0,0,"SW/PP 751",10.5,"","Southampton"
"228","No",3,"Lovell, Mr. John Hall (""Henry"")","Male",20.5,0,0,"A/5 21173",7.25,"","Southampton"
"229","No",2,"Fahlstrom, Mr. Arne Jonas","Male",18,0,0,"236171",13,"","Southampton"
"231","Yes",1,"Harris, Mrs. Henry Birkhardt (Irene Wallach)","Female",35,1,0,"36973",83.475,"C83","Southampton"
"232","No",3,"Larsson, Mr. Bengt Edvin","Male",29,0,0,"347067",7.775,"","Southampton"
"233","No",2,"Sjostedt, Mr. Ernst Adolf","Male",59,0,0,"237442",13.5,"","Southampton"
"234","Yes",3,"Asplund, Miss. Lillian Gertrud","Female",5,4,2,"347077",31.3875,"","Southampton"
"235","No",2,"Leyson, Mr. Robert William Norman","Male",24,0,0,"C.A. 29566",10.5,"","Southampton"
"237","No",2,"Hold, Mr. Stephen","Male",44,1,0,"26707",26,"","Southampton"
"238","Yes",2,"Collyer, Miss. Marjorie ""Lottie""","Female",8,0,2,"C.A. 31921",26.25,"","Southampton"
"239","No",2,"Pengelly, Mr. Frederick William","Male",19,0,0,"28665",10.5,"","Southampton"
"240","No",2,"Hunt, Mr. George Henry","Male",33,0,0,"SCO/W 1585",12.275,"","Southampton"
"243","No",2,"Coleridge, Mr. Reginald Charles","Male",29,0,0,"W./C. 14263",10.5,"","Southampton"
"244","No",3,"Maenpaa, Mr. Matti Alexanteri","Male",22,0,0,"STON/O 2. 3101275",7.125,"","Southampton"
"245","No",3,"Attalah, Mr. Sleiman","Male",30,0,0,"2694",7.225,"","Cherbourg"
"246","No",1,"Minahan, Dr. William Edward","Male",44,2,0,"19928",90,"C78","Queenstown"
"247","No",3,"Lindahl, Miss. Agda Thorilda Viktoria","Female",25,0,0,"347071",7.775,"","Southampton"
"248","Yes",2,"Hamalainen, Mrs. William (Anna)","Female",24,0,2,"250649",14.5,"","Southampton"
"249","Yes",1,"Beckwith, Mr. Richard Leonard","Male",37,1,1,"11751",52.5542,"D35","Southampton"
"250","No",2,"Carter, Rev. Ernest Courtenay","Male",54,1,0,"244252",26,"","Southampton"
"252","No",3,"Strom, Mrs. Wilhelm (Elna Matilda Persson)","Female",29,1,1,"347054",10.4625,"G6","Southampton"
"253","No",1,"Stead, Mr. William Thomas","Male",62,0,0,"113514",26.55,"C87","Southampton"
"254","No",3,"Lobb, Mr. William Arthur","Male",30,1,0,"A/5. 3336",16.1,"","Southampton"
"255","No",3,"Rosblom, Mrs. Viktor (Helena Wilhelmina)","Female",41,0,2,"370129",20.2125,"","Southampton"
"256","Yes",3,"Touma, Mrs. Darwis (Hanne Youssef Razi)","Female",29,0,2,"2650",15.2458,"","Cherbourg"
"258","Yes",1,"Cherry, Miss. Gladys","Female",30,0,0,"110152",86.5,"B77","Southampton"
"259","Yes",1,"Ward, Miss. Anna","Female",35,0,0,"PC 17755",512.3292,"","Cherbourg"
"260","Yes",2,"Parrish, Mrs. (Lutie Davis)","Female",50,0,1,"230433",26,"","Southampton"
"262","Yes",3,"Asplund, Master. Edvin Rojj Felix","Male",3,4,2,"347077",31.3875,"","Southampton"
"263","No",1,"Taussig, Mr. Emil","Male",52,1,1,"110413",79.65,"E67","Southampton"
"264","No",1,"Harrison, Mr. William","Male",40,0,0,"112059",0,"B94","Southampton"
"266","No",2,"Reeves, Mr. David","Male",36,0,0,"C.A. 17248",10.5,"","Southampton"
"267","No",3,"Panula, Mr. Ernesti Arvid","Male",16,4,1,"3101295",39.6875,"","Southampton"
"268","Yes",3,"Persson, Mr. Ernst Ulrik","Male",25,1,0,"347083",7.775,"","Southampton"
"269","Yes",1,"Graham, Mrs. William Thompson (Edith Junkins)","Female",58,0,1,"PC 17582",153.4625,"C125","Southampton"
"270","Yes",1,"Bissette, Miss. Amelia","Female",35,0,0,"PC 17760",135.6333,"C99","Southampton"
"272","Yes",3,"Tornquist, Mr. William Henry","Male",25,0,0,"LINE",0,"","Southampton"
"273","Yes",2,"Mellinger, Mrs. (Elizabeth Anne Maidment)","Female",41,0,1,"250644",19.5,"","Southampton"
"274","No",1,"Natsch, Mr. Charles H","Male",37,0,1,"PC 17596",29.7,"C118","Cherbourg"
"276","Yes",1,"Andrews, Miss. Kornelia Theodosia","Female",63,1,0,"13502",77.9583,"D7","Southampton"
"277","No",3,"Lindblom, Miss. Augusta Charlotta","Female",45,0,0,"347073",7.75,"","Southampton"
"279","No",3,"Rice, Master. Eric","Male",7,4,1,"382652",29.125,"","Queenstown"
"280","Yes",3,"Abbott, Mrs. Stanton (Rosa Hunt)","Female",35,1,1,"C.A. 2673",20.25,"","Southampton"
"281","No",3,"Duane, Mr. Frank","Male",65,0,0,"336439",7.75,"","Queenstown"
"282","No",3,"Olsson, Mr. Nils Johan Goransson","Male",28,0,0,"347464",7.8542,"","Southampton"
"283","No",3,"de Pelsmaeker, Mr. Alfons","Male",16,0,0,"345778",9.5,"","Southampton"
"284","Yes",3,"Dorking, Mr. Edward Arthur","Male",19,0,0,"A/5. 10482",8.05,"","Southampton"
"286","No",3,"Stankovic, Mr. Ivan","Male",33,0,0,"349239",8.6625,"","Cherbourg"
"287","Yes",3,"de Mulder, Mr. Theodore","Male",30,0,0,"345774",9.5,"","Southampton"
"288","No",3,"Naidenoff, Mr. Penko","Male",22,0,0,"349206",7.8958,"","Southampton"
"289","Yes",2,"Hosono, Mr. Masabumi","Male",42,0,0,"237798",13,"","Southampton"
"290","Yes",3,"Connolly, Miss. Kate","Female",22,0,0,"370373",7.75,"","Queenstown"
"291","Yes",1,"Barber, Miss. Ellen ""Nellie""","Female",26,0,0,"19877",78.85,"","Southampton"
"292","Yes",1,"Bishop, Mrs. Dickinson H (Helen Walton)","Female",19,1,0,"11967",91.0792,"B49","Cherbourg"
"293","No",2,"Levy, Mr. Rene Jacques","Male",36,0,0,"SC/Paris 2163",12.875,"D","Cherbourg"
"294","No",3,"Haas, Miss. Aloisia","Female",24,0,0,"349236",8.85,"","Southampton"
"295","No",3,"Mineff, Mr. Ivan","Male",24,0,0,"349233",7.8958,"","Southampton"
"297","No",3,"Hanna, Mr. Mansour","Male",23.5,0,0,"2693",7.2292,"","Cherbourg"
"298","No",1,"Allison, Miss. Helen Loraine","Female",2,1,2,"113781",151.55,"C22 C26","Southampton"
"300","Yes",1,"Baxter, Mrs. James (Helene DeLaudeniere Chaput)","Female",50,0,1,"PC 17558",247.5208,"B58 B60","Cherbourg"
"303","No",3,"Johnson, Mr. William Cahoone Jr","Male",19,0,0,"LINE",0,"","Southampton"
"306","Yes",1,"Allison, Master. Hudson Trevor","Male",0.92,1,2,"113781",151.55,"C22 C26","Southampton"
"308","Yes",1,"Penasco y Castellana, Mrs. Victor de Satode (Maria Josefa Perez de Soto y Vallejo)","Female",17,1,0,"PC 17758",108.9,"C65","Cherbourg"
"309","No",2,"Abelson, Mr. Samuel","Male",30,1,0,"P/PP 3381",24,"","Cherbourg"
"310","Yes",1,"Francatelli, Miss. Laura Mabel","Female",30,0,0,"PC 17485",56.9292,"E36","Cherbourg"
"311","Yes",1,"Hays, Miss. Margaret Bechstein","Female",24,0,0,"11767",83.1583,"C54","Cherbourg"
"312","Yes",1,"Ryerson, Miss. Emily Borie","Female",18,2,2,"PC 17608",262.375,"B57 B59 B63 B66","Cherbourg"
"313","No",2,"Lahtinen, Mrs. William (Anna Sylfven)","Female",26,1,1,"250651",26,"","Southampton"
"314","No",3,"Hendekovic, Mr. Ignjac","Male",28,0,0,"349243",7.8958,"","Southampton"
"315","No",2,"Hart, Mr. Benjamin","Male",43,1,1,"F.C.C. 13529",26.25,"","Southampton"
"316","Yes",3,"Nilsson, Miss. Helmina Josefina","Female",26,0,0,"347470",7.8542,"","Southampton"
"317","Yes",2,"Kantor, Mrs. Sinai (Miriam Sternin)","Female",24,1,0,"244367",26,"","Southampton"
"318","No",2,"Moraweck, Dr. Ernest","Male",54,0,0,"29011",14,"","Southampton"
"319","Yes",1,"Wick, Miss. Mary Natalie","Female",31,0,2,"36928",164.8667,"C7","Southampton"
"320","Yes",1,"Spedden, Mrs. Frederic Oakley (Margaretta Corning Stone)","Female",40,1,1,"16966",134.5,"E34","Cherbourg"
"321","No",3,"Dennis, Mr. Samuel","Male",22,0,0,"A/5 21172",7.25,"","Southampton"
"322","No",3,"Danoff, Mr. Yoto","Male",27,0,0,"349219",7.8958,"","Southampton"
"323","Yes",2,"Slayter, Miss. Hilda Mary","Female",30,0,0,"234818",12.35,"","Queenstown"
"324","Yes",2,"Caldwell, Mrs. Albert Francis (Sylvia Mae Harbaugh)","Female",22,1,1,"248738",29,"","Southampton"
"326","Yes",1,"Young, Miss. Marie Grice","Female",36,0,0,"PC 17760",135.6333,"C32","Cherbourg"
"327","No",3,"Nysveen, Mr. Johan Hansen","Male",61,0,0,"345364",6.2375,"","Southampton"
"328","Yes",2,"Ball, Mrs. (Ada E Hall)","Female",36,0,0,"28551",13,"D","Southampton"
"329","Yes",3,"Goldsmith, Mrs. Frank John (Emily Alice Brown)","Female",31,1,1,"363291",20.525,"","Southampton"
"330","Yes",1,"Hippach, Miss. Jean Gertrude","Female",16,0,1,"111361",57.9792,"B18","Cherbourg"
"332","No",1,"Partner, Mr. Austen","Male",45.5,0,0,"113043",28.5,"C124","Southampton"
"333","No",1,"Graham, Mr. George Edward","Male",38,0,1,"PC 17582",153.4625,"C91","Southampton"
"334","No",3,"Vander Planke, Mr. Leo Edmondus","Male",16,2,0,"345764",18,"","Southampton"
"337","No",1,"Pears, Mr. Thomas Clinton","Male",29,1,0,"113776",66.6,"C2","Southampton"
"338","Yes",1,"Burns, Miss. Elizabeth Margaret","Female",41,0,0,"16966",134.5,"E40","Cherbourg"
"339","Yes",3,"Dahl, Mr. Karl Edwart","Male",45,0,0,"7598",8.05,"","Southampton"
"340","No",1,"Blackwell, Mr. Stephen Weart","Male",45,0,0,"113784",35.5,"T","Southampton"
"341","Yes",2,"Navratil, Master. Edmond Roger","Male",2,1,1,"230080",26,"F2","Southampton"
"342","Yes",1,"Fortune, Miss. Alice Elizabeth","Female",24,3,2,"19950",263,"C23 C25 C27","Southampton"
"343","No",2,"Collander, Mr. Erik Gustaf","Male",28,0,0,"248740",13,"","Southampton"
"344","No",2,"Sedgwick, Mr. Charles Frederick Waddington","Male",25,0,0,"244361",13,"","Southampton"
"345","No",2,"Fox, Mr. Stanley Hubert","Male",36,0,0,"229236",13,"","Southampton"
"346","Yes",2,"Brown, Miss. Amelia ""Mildred""","Female",24,0,0,"248733",13,"F33","Southampton"
"347","Yes",2,"Smith, Miss. Marion Elsie","Female",40,0,0,"31418",13,"","Southampton"
"349","Yes",3,"Coutts, Master. William Loch ""William""","Male",3,1,1,"C.A. 37671",15.9,"","Southampton"
"350","No",3,"Dimic, Mr. Jovan","Male",42,0,0,"315088",8.6625,"","Southampton"
"351","No",3,"Odahl, Mr. Nils Martin","Male",23,0,0,"7267",9.225,"","Southampton"
"353","No",3,"Elias, Mr. Tannous","Male",15,1,1,"2695",7.2292,"","Cherbourg"
"354","No",3,"Arnold-Franchi, Mr. Josef","Male",25,1,0,"349237",17.8,"","Southampton"
"356","No",3,"Vanden Steen, Mr. Leo Peter","Male",28,0,0,"345783",9.5,"","Southampton"
"357","Yes",1,"Bowerman, Miss. Elsie Edith","Female",22,0,1,"113505",55,"E33","Southampton"
"358","No",2,"Funk, Miss. Annie Clemmer","Female",38,0,0,"237671",13,"","Southampton"
"361","No",3,"Skoog, Mr. Wilhelm","Male",40,1,4,"347088",27.9,"","Southampton"
"362","No",2,"del Carlo, Mr. Sebastiano","Male",29,1,0,"SC/PARIS 2167",27.7208,"","Cherbourg"
"363","No",3,"Barbara, Mrs. (Catherine David)","Female",45,0,1,"2691",14.4542,"","Cherbourg"
"364","No",3,"Asim, Mr. Adola","Male",35,0,0,"SOTON/O.Q. 3101310",7.05,"","Southampton"
"366","No",3,"Adahl, Mr. Mauritz Nils Martin","Male",30,0,0,"C 7076",7.25,"","Southampton"
"367","Yes",1,"Warren, Mrs. Frank Manley (Anna Sophia Atkinson)","Female",60,1,0,"110813",75.25,"D37","Cherbourg"
"370","Yes",1,"Aubart, Mme. Leontine Pauline","Female",24,0,0,"PC 17477",69.3,"B35","Cherbourg"
"371","Yes",1,"Harder, Mr. George Achilles","Male",25,1,0,"11765",55.4417,"E50","Cherbourg"
"372","No",3,"Wiklund, Mr. Jakob Alfred","Male",18,1,0,"3101267",6.4958,"","Southampton"
"373","No",3,"Beavan, Mr. William Thomas","Male",19,0,0,"323951",8.05,"","Southampton"
"374","No",1,"Ringhini, Mr. Sante","Male",22,0,0,"PC 17760",135.6333,"","Cherbourg"
"375","No",3,"Palsson, Miss. Stina Viola","Female",3,3,1,"349909",21.075,"","Southampton"
"377","Yes",3,"Landergren, Miss. Aurora Adelia","Female",22,0,0,"C 7077",7.25,"","Southampton"
"378","No",1,"Widener, Mr. Harry Elkins","Male",27,0,2,"113503",211.5,"C82","Cherbourg"
"379","No",3,"Betros, Mr. Tannous","Male",20,0,0,"2648",4.0125,"","Cherbourg"
"380","No",3,"Gustafsson, Mr. Karl Gideon","Male",19,0,0,"347069",7.775,"","Southampton"
"381","Yes",1,"Bidois, Miss. Rosalie","Female",42,0,0,"PC 17757",227.525,"","Cherbourg"
"382","Yes",3,"Nakid, Miss. Maria (""Mary"")","Female",1,0,2,"2653",15.7417,"","Cherbourg"
"383","No",3,"Tikkanen, Mr. Juho","Male",32,0,0,"STON/O 2. 3101293",7.925,"","Southampton"
"384","Yes",1,"Holverson, Mrs. Alexander Oskar (Mary Aline Towner)","Female",35,1,0,"113789",52,"","Southampton"
"386","No",2,"Davies, Mr. Charles Henry","Male",18,0,0,"S.O.C. 14879",73.5,"","Southampton"
"387","No",3,"Goodwin, Master. Sidney Leonard","Male",1,5,2,"CA 2144",46.9,"","Southampton"
"388","Yes",2,"Buss, Miss. Kate","Female",36,0,0,"27849",13,"","Southampton"
"390","Yes",2,"Lehmann, Miss. Bertha","Female",17,0,0,"SC 1748",12,"","Cherbourg"
"391","Yes",1,"Carter, Mr. William Ernest","Male",36,1,2,"113760",120,"B96 B98","Southampton"
"392","Yes",3,"Jansson, Mr. Carl Olof","Male",21,0,0,"350034",7.7958,"","Southampton"
"393","No",3,"Gustafsson, Mr. Johan Birger","Male",28,2,0,"3101277",7.925,"","Southampton"
"394","Yes",1,"Newell, Miss. Marjorie","Female",23,1,0,"35273",113.275,"D36","Cherbourg"
"395","Yes",3,"Sandstrom, Mrs. Hjalmar (Agnes Charlotta Bengtsson)","Female",24,0,2,"PP 9549",16.7,"G6","Southampton"
"396","No",3,"Johansson, Mr. Erik","Male",22,0,0,"350052",7.7958,"","Southampton"
"397","No",3,"Olsson, Miss. Elina","Female",31,0,0,"350407",7.8542,"","Southampton"
"398","No",2,"McKane, Mr. Peter David","Male",46,0,0,"28403",26,"","Southampton"
"399","No",2,"Pain, Dr. Alfred","Male",23,0,0,"244278",10.5,"","Southampton"
"400","Yes",2,"Trout, Mrs. William H (Jessie L)","Female",28,0,0,"240929",12.65,"","Southampton"
"401","Yes",3,"Niskanen, Mr. Juha","Male",39,0,0,"STON/O 2. 3101289",7.925,"","Southampton"
"402","No",3,"Adams, Mr. John","Male",26,0,0,"341826",8.05,"","Southampton"
"403","No",3,"Jussila, Miss. Mari Aina","Female",21,1,0,"4137",9.825,"","Southampton"
"404","No",3,"Hakkarainen, Mr. Pekka Pietari","Male",28,1,0,"STON/O2. 3101279",15.85,"","Southampton"
"405","No",3,"Oreskovic, Miss. Marija","Female",20,0,0,"315096",8.6625,"","Southampton"
"406","No",2,"Gale, Mr. Shadrach","Male",34,1,0,"28664",21,"","Southampton"
"407","No",3,"Widegren, Mr. Carl/Charles Peter","Male",51,0,0,"347064",7.75,"","Southampton"
"408","Yes",2,"Richards, Master. William Rowe","Male",3,1,1,"29106",18.75,"","Southampton"
"409","No",3,"Birkeland, Mr. Hans Martin Monsen","Male",21,0,0,"312992",7.775,"","Southampton"
"413","Yes",1,"Minahan, Miss. Daisy E","Female",33,1,0,"19928",90,"C78","Queenstown"
"415","Yes",3,"Sundman, Mr. Johan Julian","Male",44,0,0,"STON/O 2. 3101269",7.925,"","Southampton"
"417","Yes",2,"Drew, Mrs. James Vivian (Lulu Thorne Christian)","Female",34,1,1,"28220",32.5,"","Southampton"
"418","Yes",2,"Silven, Miss. Lyyli Karoliina","Female",18,0,2,"250652",13,"","Southampton"
"419","No",2,"Matthews, Mr. William John","Male",30,0,0,"28228",13,"","Southampton"
"420","No",3,"Van Impe, Miss. Catharina","Female",10,0,2,"345773",24.15,"","Southampton"
"422","No",3,"Charters, Mr. David","Male",21,0,0,"A/5. 13032",7.7333,"","Queenstown"
"423","No",3,"Zimmerman, Mr. Leo","Male",29,0,0,"315082",7.875,"","Southampton"
"424","No",3,"Danbom, Mrs. Ernst Gilbert (Anna Sigrid Maria Brogren)","Female",28,1,1,"347080",14.4,"","Southampton"
"425","No",3,"Rosblom, Mr. Viktor Richard","Male",18,1,1,"370129",20.2125,"","Southampton"
"427","Yes",2,"Clarke, Mrs. Charles V (Ada Maria Winfield)","Female",28,1,0,"2003",26,"","Southampton"
"428","Yes",2,"Phillips, Miss. Kate Florence (""Mrs Kate Louise Phillips Marshall"")","Female",19,0,0,"250655",26,"","Southampton"
"430","Yes",3,"Pickard, Mr. Berk (Berk Trembisky)","Male",32,0,0,"SOTON/O.Q. 392078",8.05,"E10","Southampton"
"431","Yes",1,"Bjornstrom-Steffansson, Mr. Mauritz Hakan","Male",28,0,0,"110564",26.55,"C52","Southampton"
"433","Yes",2,"Louch, Mrs. Charles Alexander (Alice Adelaide Slow)","Female",42,1,0,"SC/AH 3085",26,"","Southampton"
"434","No",3,"Kallio, Mr. Nikolai Erland","Male",17,0,0,"STON/O 2. 3101274",7.125,"","Southampton"
"435","No",1,"Silvey, Mr. William Baird","Male",50,1,0,"13507",55.9,"E44","Southampton"
"436","Yes",1,"Carter, Miss. Lucile Polk","Female",14,1,2,"113760",120,"B96 B98","Southampton"
"437","No",3,"Ford, Miss. Doolina Margaret ""Daisy""","Female",21,2,2,"W./C. 6608",34.375,"","Southampton"
"438","Yes",2,"Richards, Mrs. Sidney (Emily Hocking)","Female",24,2,3,"29106",18.75,"","Southampton"
"439","No",1,"Fortune, Mr. Mark","Male",64,1,4,"19950",263,"C23 C25 C27","Southampton"
"440","No",2,"Kvillner, Mr. Johan Henrik Johannesson","Male",31,0,0,"C.A. 18723",10.5,"","Southampton"
"441","Yes",2,"Hart, Mrs. Benjamin (Esther Ada Bloomfield)","Female",45,1,1,"F.C.C. 13529",26.25,"","Southampton"
"442","No",3,"Hampe, Mr. Leon","Male",20,0,0,"345769",9.5,"","Southampton"
"443","No",3,"Petterson, Mr. Johan Emil","Male",25,1,0,"347076",7.775,"","Southampton"
"444","Yes",2,"Reynaldo, Ms. Encarnacion","Female",28,0,0,"230434",13,"","Southampton"
"446","Yes",1,"Dodge, Master. Washington","Male",4,0,2,"33638",81.8583,"A34","Southampton"
"447","Yes",2,"Mellinger, Miss. Madeleine Violet","Female",13,0,1,"250644",19.5,"","Southampton"
"448","Yes",1,"Seward, Mr. Frederic Kimber","Male",34,0,0,"113794",26.55,"","Southampton"
"449","Yes",3,"Baclini, Miss. Marie Catherine","Female",5,2,1,"2666",19.2583,"","Cherbourg"
"450","Yes",1,"Peuchen, Major. Arthur Godfrey","Male",52,0,0,"113786",30.5,"C104","Southampton"
"451","No",2,"West, Mr. Edwy Arthur","Male",36,1,2,"C.A. 34651",27.75,"","Southampton"
"453","No",1,"Foreman, Mr. Benjamin Laventall","Male",30,0,0,"113051",27.75,"C111","Cherbourg"
"454","Yes",1,"Goldenberg, Mr. Samuel L","Male",49,1,0,"17453",89.1042,"C92","Cherbourg"
"456","Yes",3,"Jalsevac, Mr. Ivan","Male",29,0,0,"349240",7.8958,"","Cherbourg"
"457","No",1,"Millet, Mr. Francis Davis","Male",65,0,0,"13509",26.55,"E38","Southampton"
"459","Yes",2,"Toomey, Miss. Ellen","Female",50,0,0,"F.C.C. 13531",10.5,"","Southampton"
"461","Yes",1,"Anderson, Mr. Harry","Male",48,0,0,"19952",26.55,"E12","Southampton"
"462","No",3,"Morley, Mr. William","Male",34,0,0,"364506",8.05,"","Southampton"
"463","No",1,"Gee, Mr. Arthur H","Male",47,0,0,"111320",38.5,"E63","Southampton"
"464","No",2,"Milling, Mr. Jacob Christian","Male",48,0,0,"234360",13,"","Southampton"
"466","No",3,"Goncalves, Mr. Manuel Estanslas","Male",38,0,0,"SOTON/O.Q. 3101306",7.05,"","Southampton"
"468","No",1,"Smart, Mr. John Montgomery","Male",56,0,0,"113792",26.55,"","Southampton"
"470","Yes",3,"Baclini, Miss. Helene Barbara","Female",0.75,2,1,"2666",19.2583,"","Cherbourg"
"472","No",3,"Cacic, Mr. Luka","Male",38,0,0,"315089",8.6625,"","Southampton"
"473","Yes",2,"West, Mrs. Edwy Arthur (Ada Mary Worth)","Female",33,1,2,"C.A. 34651",27.75,"","Southampton"
"474","Yes",2,"Jerwan, Mrs. Amin S (Marie Marthe Thuillard)","Female",23,0,0,"SC/AH Basle 541",13.7917,"D","Cherbourg"
"475","No",3,"Strandberg, Miss. Ida Sofia","Female",22,0,0,"7553",9.8375,"","Southampton"
"477","No",2,"Renouf, Mr. Peter Henry","Male",34,1,0,"31027",21,"","Southampton"
"478","No",3,"Braund, Mr. Lewis Richard","Male",29,1,0,"3460",7.0458,"","Southampton"
"479","No",3,"Karlsson, Mr. Nils August","Male",22,0,0,"350060",7.5208,"","Southampton"
"480","Yes",3,"Hirvonen, Miss. Hildur E","Female",2,0,1,"3101298",12.2875,"","Southampton"
"481","No",3,"Goodwin, Master. Harold Victor","Male",9,5,2,"CA 2144",46.9,"","Southampton"
"483","No",3,"Rouse, Mr. Richard Henry","Male",50,0,0,"A/5 3594",8.05,"","Southampton"
"484","Yes",3,"Turkula, Mrs. (Hedwig)","Female",63,0,0,"4134",9.5875,"","Southampton"
"485","Yes",1,"Bishop, Mr. Dickinson H","Male",25,1,0,"11967",91.0792,"B49","Cherbourg"
"487","Yes",1,"Hoyt, Mrs. Frederick Maxfield (Jane Anne Forby)","Female",35,1,0,"19943",90,"C93","Southampton"
"488","No",1,"Kent, Mr. Edward Austin","Male",58,0,0,"11771",29.7,"B37","Cherbourg"
"489","No",3,"Somerton, Mr. Francis William","Male",30,0,0,"A.5. 18509",8.05,"","Southampton"
"490","Yes",3,"Coutts, Master. Eden Leslie ""Neville""","Male",9,1,1,"C.A. 37671",15.9,"","Southampton"
"492","No",3,"Windelov, Mr. Einar","Male",21,0,0,"SOTON/OQ 3101317",7.25,"","Southampton"
"493","No",1,"Molson, Mr. Harry Markland","Male",55,0,0,"113787",30.5,"C30","Southampton"
"494","No",1,"Artagaveytia, Mr. Ramon","Male",71,0,0,"PC 17609",49.5042,"","Cherbourg"
"495","No",3,"Stanley, Mr. Edward Roland","Male",21,0,0,"A/4 45380",8.05,"","Southampton"
"497","Yes",1,"Eustis, Miss. Elizabeth Mussey","Female",54,1,0,"36947",78.2667,"D20","Cherbourg"
"499","No",1,"Allison, Mrs. Hudson J C (Bessie Waldo Daniels)","Female",25,1,2,"113781",151.55,"C22 C26","Southampton"
"500","No",3,"Svensson, Mr. Olof","Male",24,0,0,"350035",7.7958,"","Southampton"
"501","No",3,"Calic, Mr. Petar","Male",17,0,0,"315086",8.6625,"","Southampton"
"502","No",3,"Canavan, Miss. Mary","Female",21,0,0,"364846",7.75,"","Queenstown"
"504","No",3,"Laitinen, Miss. Kristina Sofia","Female",37,0,0,"4135",9.5875,"","Southampton"
"505","Yes",1,"Maioni, Miss. Roberta","Female",16,0,0,"110152",86.5,"B79","Southampton"
"506","No",1,"Penasco y Castellana, Mr. Victor de Satode","Male",18,1,0,"PC 17758",108.9,"C65","Cherbourg"
"507","Yes",2,"Quick, Mrs. Frederick Charles (Jane Richards)","Female",33,0,2,"26360",26,"","Southampton"
"509","No",3,"Olsen, Mr. Henry Margido","Male",28,0,0,"C 4001",22.525,"","Southampton"
"510","Yes",3,"Lang, Mr. Fang","Male",26,0,0,"1601",56.4958,"","Southampton"
"511","Yes",3,"Daly, Mr. Eugene Patrick","Male",29,0,0,"382651",7.75,"","Queenstown"
"513","Yes",1,"McGough, Mr. James Robert","Male",36,0,0,"PC 17473",26.2875,"E25","Southampton"
"514","Yes",1,"Rothschild, Mrs. Martin (Elizabeth L. Barrett)","Female",54,1,0,"PC 17603",59.4,"","Cherbourg"
"515","No",3,"Coleff, Mr. Satio","Male",24,0,0,"349209",7.4958,"","Southampton"
"516","No",1,"Walker, Mr. William Anderson","Male",47,0,0,"36967",34.0208,"D46","Southampton"
"517","Yes",2,"Lemore, Mrs. (Amelia Milley)","Female",34,0,0,"C.A. 34260",10.5,"F33","Southampton"
"519","Yes",2,"Angle, Mrs. William A (Florence ""Mary"" Agnes Hughes)","Female",36,1,0,"226875",26,"","Southampton"
"520","No",3,"Pavlovic, Mr. Stefo","Male",32,0,0,"349242",7.8958,"","Southampton"
"521","Yes",1,"Perreault, Miss. Anne","Female",30,0,0,"12749",93.5,"B73","Southampton"
"522","No",3,"Vovk, Mr. Janko","Male",22,0,0,"349252",7.8958,"","Southampton"
"524","Yes",1,"Hippach, Mrs. Louis Albert (Ida Sophia Fischer)","Female",44,0,1,"111361",57.9792,"B18","Cherbourg"
"526","No",3,"Farrell, Mr. James","Male",40.5,0,0,"367232",7.75,"","Queenstown"
"527","Yes",2,"Ridsdale, Miss. Lucy","Female",50,0,0,"W./C. 14258",10.5,"","Southampton"
"529","No",3,"Salonen, Mr. Johan Werner","Male",39,0,0,"3101296",7.925,"","Southampton"
"530","No",2,"Hocking, Mr. Richard George","Male",23,2,1,"29104",11.5,"","Southampton"
"531","Yes",2,"Quick, Miss. Phyllis May","Female",2,1,1,"26360",26,"","Southampton"
"533","No",3,"Elias, Mr. Joseph Jr","Male",17,1,1,"2690",7.2292,"","Cherbourg"
"535","No",3,"Cacic, Miss. Marija","Female",30,0,0,"315084",8.6625,"","Southampton"
"536","Yes",2,"Hart, Miss. Eva Miriam","Female",7,0,2,"F.C.C. 13529",26.25,"","Southampton"
"537","No",1,"Butt, Major. Archibald Willingham","Male",45,0,0,"113050",26.55,"B38","Southampton"
"538","Yes",1,"LeRoy, Miss. Bertha","Female",30,0,0,"PC 17761",106.425,"","Cherbourg"
"540","Yes",1,"Frolicher, Miss. Hedwig Margaritha","Female",22,0,2,"13568",49.5,"B39","Cherbourg"
"541","Yes",1,"Crosby, Miss. Harriet R","Female",36,0,2,"WE/P 5735",71,"B22","Southampton"
"542","No",3,"Andersson, Miss. Ingeborg Constanzia","Female",9,4,2,"347082",31.275,"","Southampton"
"543","No",3,"Andersson, Miss. Sigrid Elisabeth","Female",11,4,2,"347082",31.275,"","Southampton"
"544","Yes",2,"Beane, Mr. Edward","Male",32,1,0,"2908",26,"","Southampton"
"545","No",1,"Douglas, Mr. Walter Donald","Male",50,1,0,"PC 17761",106.425,"C86","Cherbourg"
"546","No",1,"Nicholson, Mr. Arthur Ernest","Male",64,0,0,"693",26,"","Southampton"
"547","Yes",2,"Beane, Mrs. Edward (Ethel Clarke)","Female",19,1,0,"2908",26,"","Southampton"
"549","No",3,"Goldsmith, Mr. Frank John","Male",33,1,1,"363291",20.525,"","Southampton"
"550","Yes",2,"Davies, Master. John Morgan Jr","Male",8,1,1,"C.A. 33112",36.75,"","Southampton"
"551","Yes",1,"Thayer, Mr. John Borland Jr","Male",17,0,2,"17421",110.8833,"C70","Cherbourg"
"552","No",2,"Sharp, Mr. Percival James R","Male",27,0,0,"244358",26,"","Southampton"
"554","Yes",3,"Leeni, Mr. Fahim (""Philip Zenni"")","Male",22,0,0,"2620",7.225,"","Cherbourg"
"555","Yes",3,"Ohman, Miss. Velin","Female",22,0,0,"347085",7.775,"","Southampton"
"556","No",1,"Wright, Mr. George","Male",62,0,0,"113807",26.55,"","Southampton"
"557","Yes",1,"Duff Gordon, Lady. (Lucille Christiana Sutherland) (""Mrs Morgan"")","Female",48,1,0,"11755",39.6,"A16","Cherbourg"
"559","Yes",1,"Taussig, Mrs. Emil (Tillie Mandelbaum)","Female",39,1,1,"110413",79.65,"E67","Southampton"
"560","Yes",3,"de Messemaeker, Mrs. Guillaume Joseph (Emma)","Female",36,1,0,"345572",17.4,"","Southampton"
"562","No",3,"Sivic, Mr. Husein","Male",40,0,0,"349251",7.8958,"","Southampton"
"563","No",2,"Norman, Mr. Robert Douglas","Male",28,0,0,"218629",13.5,"","Southampton"
"566","No",3,"Davies, Mr. Alfred J","Male",24,2,0,"A/4 48871",24.15,"","Southampton"
"567","No",3,"Stoytcheff, Mr. Ilia","Male",19,0,0,"349205",7.8958,"","Southampton"
"568","No",3,"Palsson, Mrs. Nils (Alma Cornelia Berglund)","Female",29,0,4,"349909",21.075,"","Southampton"
"570","Yes",3,"Jonsson, Mr. Carl","Male",32,0,0,"350417",7.8542,"","Southampton"
"571","Yes",2,"Harris, Mr. George","Male",62,0,0,"S.W./PP 752",10.5,"","Southampton"
"572","Yes",1,"Appleton, Mrs. Edward Dale (Charlotte Lamson)","Female",53,2,0,"11769",51.4792,"C101","Southampton"
"573","Yes",1,"Flynn, Mr. John Irwin (""Irving"")","Male",36,0,0,"PC 17474",26.3875,"E25","Southampton"
"575","No",3,"Rush, Mr. Alfred George John","Male",16,0,0,"A/4. 20589",8.05,"","Southampton"
"576","No",3,"Patchett, Mr. George","Male",19,0,0,"358585",14.5,"","Southampton"
"577","Yes",2,"Garside, Miss. Ethel","Female",34,0,0,"243880",13,"","Southampton"
"578","Yes",1,"Silvey, Mrs. William Baird (Alice Munger)","Female",39,1,0,"13507",55.9,"E44","Southampton"
"580","Yes",3,"Jussila, Mr. Eiriik","Male",32,0,0,"STON/O 2. 3101286",7.925,"","Southampton"
"581","Yes",2,"Christy, Miss. Julie Rachel","Female",25,1,1,"237789",30,"","Southampton"
"582","Yes",1,"Thayer, Mrs. John Borland (Marian Longstreth Morris)","Female",39,1,1,"17421",110.8833,"C68","Cherbourg"
"583","No",2,"Downton, Mr. William James","Male",54,0,0,"28403",26,"","Southampton"
"584","No",1,"Ross, Mr. John Hugo","Male",36,0,0,"13049",40.125,"A10","Cherbourg"
"586","Yes",1,"Taussig, Miss. Ruth","Female",18,0,2,"110413",79.65,"E68","Southampton"
"587","No",2,"Jarvis, Mr. John Denzil","Male",47,0,0,"237565",15,"","Southampton"
"588","Yes",1,"Frolicher-Stehli, Mr. Maxmillian","Male",60,1,1,"13567",79.2,"B41","Cherbourg"
"589","No",3,"Gilinski, Mr. Eliezer","Male",22,0,0,"14973",8.05,"","Southampton"
"591","No",3,"Rintamaki, Mr. Matti","Male",35,0,0,"STON/O 2. 3101273",7.125,"","Southampton"
"592","Yes",1,"Stephenson, Mrs. Walter Bertram (Martha Eustis)","Female",52,1,0,"36947",78.2667,"D20","Cherbourg"
"593","No",3,"Elsbury, Mr. William James","Male",47,0,0,"A/5 3902",7.25,"","Southampton"
"595","No",2,"Chapman, Mr. John Henry","Male",37,1,0,"SC/AH 29037",26,"","Southampton"
"596","No",3,"Van Impe, Mr. Jean Baptiste","Male",36,1,1,"345773",24.15,"","Southampton"
"598","No",3,"Johnson, Mr. Alfred","Male",49,0,0,"LINE",0,"","Southampton"
"600","Yes",1,"Duff Gordon, Sir. Cosmo Edmund (""Mr Morgan"")","Male",49,1,0,"PC 17485",56.9292,"A20","Cherbourg"
"601","Yes",2,"Jacobsohn, Mrs. Sidney Samuel (Amy Frances Christy)","Female",24,2,1,"243847",27,"","Southampton"
"604","No",3,"Torber, Mr. Ernst William","Male",44,0,0,"364511",8.05,"","Southampton"
"605","Yes",1,"Homer, Mr. Harry (""Mr E Haven"")","Male",35,0,0,"111426",26.55,"","Cherbourg"
"606","No",3,"Lindell, Mr. Edvard Bengtsson","Male",36,1,0,"349910",15.55,"","Southampton"
"607","No",3,"Karaic, Mr. Milan","Male",30,0,0,"349246",7.8958,"","Southampton"
"608","Yes",1,"Daniel, Mr. Robert Williams","Male",27,0,0,"113804",30.5,"","Southampton"
"609","Yes",2,"Laroche, Mrs. Joseph (Juliette Marie Louise Lafargue)","Female",22,1,2,"SC/Paris 2123",41.5792,"","Cherbourg"
"610","Yes",1,"Shutes, Miss. Elizabeth W","Female",40,0,0,"PC 17582",153.4625,"C125","Southampton"
"611","No",3,"Andersson, Mrs. Anders Johan (Alfrida Konstantia Brogren)","Female",39,1,5,"347082",31.275,"","Southampton"
"615","No",3,"Brocklebank, Mr. William Alfred","Male",35,0,0,"364512",8.05,"","Southampton"
"616","Yes",2,"Herman, Miss. Alice","Female",24,1,2,"220845",65,"","Southampton"
"617","No",3,"Danbom, Mr. Ernst Gilbert","Male",34,1,1,"347080",14.4,"","Southampton"
"618","No",3,"Lobb, Mrs. William Arthur (Cordelia K Stanlick)","Female",26,1,0,"A/5. 3336",16.1,"","Southampton"
"619","Yes",2,"Becker, Miss. Marion Louise","Female",4,2,1,"230136",39,"F4","Southampton"
"620","No",2,"Gavey, Mr. Lawrence","Male",26,0,0,"31028",10.5,"","Southampton"
"621","No",3,"Yasbeck, Mr. Antoni","Male",27,1,0,"2659",14.4542,"","Cherbourg"
"622","Yes",1,"Kimball, Mr. Edwin Nelson Jr","Male",42,1,0,"11753",52.5542,"D19","Southampton"
"623","Yes",3,"Nakid, Mr. Sahid","Male",20,1,1,"2653",15.7417,"","Cherbourg"
"624","No",3,"Hansen, Mr. Henry Damsgaard","Male",21,0,0,"350029",7.8542,"","Southampton"
"625","No",3,"Bowen, Mr. David John ""Dai""","Male",21,0,0,"54636",16.1,"","Southampton"
"626","No",1,"Sutton, Mr. Frederick","Male",61,0,0,"36963",32.3208,"D50","Southampton"
"627","No",2,"Kirkland, Rev. Charles Leonard","Male",57,0,0,"219533",12.35,"","Queenstown"
"628","Yes",1,"Longley, Miss. Gretchen Fiske","Female",21,0,0,"13502",77.9583,"D9","Southampton"
"629","No",3,"Bostandyeff, Mr. Guentcho","Male",26,0,0,"349224",7.8958,"","Southampton"
"631","Yes",1,"Barkworth, Mr. Algernon Henry Wilson","Male",80,0,0,"27042",30,"A23","Southampton"
"632","No",3,"Lundahl, Mr. Johan Svensson","Male",51,0,0,"347743",7.0542,"","Southampton"
"633","Yes",1,"Stahelin-Maeglin, Dr. Max","Male",32,0,0,"13214",30.5,"B50","Cherbourg"
"635","No",3,"Skoog, Miss. Mabel","Female",9,3,2,"347088",27.9,"","Southampton"
"636","Yes",2,"Davis, Miss. Mary","Female",28,0,0,"237668",13,"","Southampton"
"637","No",3,"Leinonen, Mr. Antti Gustaf","Male",32,0,0,"STON/O 2. 3101292",7.925,"","Southampton"
"638","No",2,"Collyer, Mr. Harvey","Male",31,1,1,"C.A. 31921",26.25,"","Southampton"
"639","No",3,"Panula, Mrs. Juha (Maria Emilia Ojala)","Female",41,0,5,"3101295",39.6875,"","Southampton"
"641","No",3,"Jensen, Mr. Hans Peder","Male",20,0,0,"350050",7.8542,"","Southampton"
"642","Yes",1,"Sagesser, Mlle. Emma","Female",24,0,0,"PC 17477",69.3,"B35","Cherbourg"
"643","No",3,"Skoog, Miss. Margit Elizabeth","Female",2,3,2,"347088",27.9,"","Southampton"
"645","Yes",3,"Baclini, Miss. Eugenie","Female",0.75,2,1,"2666",19.2583,"","Cherbourg"
"646","Yes",1,"Harper, Mr. Henry Sleeper","Male",48,1,0,"PC 17572",76.7292,"D33","Cherbourg"
"647","No",3,"Cor, Mr. Liudevit","Male",19,0,0,"349231",7.8958,"","Southampton"
"648","Yes",1,"Simonius-Blumer, Col. Oberst Alfons","Male",56,0,0,"13213",35.5,"A26","Cherbourg"
"650","Yes",3,"Stanley, Miss. Amy Zillah Elsie","Female",23,0,0,"CA. 2314",7.55,"","Southampton"
"652","Yes",2,"Doling, Miss. Elsie","Female",18,0,1,"231919",23,"","Southampton"
"653","No",3,"Kalvik, Mr. Johannes Halvorsen","Male",21,0,0,"8475",8.4333,"","Southampton"
"655","No",3,"Hegarty, Miss. Hanora ""Nora""","Female",18,0,0,"365226",6.75,"","Queenstown"
"656","No",2,"Hickman, Mr. Leonard Mark","Male",24,2,0,"S.O.C. 14879",73.5,"","Southampton"
"658","No",3,"Bourke, Mrs. John (Catherine)","Female",32,1,1,"364849",15.5,"","Queenstown"
"659","No",2,"Eitemiller, Mr. George Floyd","Male",23,0,0,"29751",13,"","Southampton"
"660","No",1,"Newell, Mr. Arthur Webster","Male",58,0,2,"35273",113.275,"D48","Cherbourg"
"661","Yes",1,"Frauenthal, Dr. Henry William","Male",50,2,0,"PC 17611",133.65,"","Southampton"
"662","No",3,"Badt, Mr. Mohamed","Male",40,0,0,"2623",7.225,"","Cherbourg"
"663","No",1,"Colley, Mr. Edward Pomeroy","Male",47,0,0,"5727",25.5875,"E58","Southampton"
"664","No",3,"Coleff, Mr. Peju","Male",36,0,0,"349210",7.4958,"","Southampton"
"665","Yes",3,"Lindqvist, Mr. Eino William","Male",20,1,0,"STON/O 2. 3101285",7.925,"","Southampton"
"666","No",2,"Hickman, Mr. Lewis","Male",32,2,0,"S.O.C. 14879",73.5,"","Southampton"
"667","No",2,"Butler, Mr. Reginald Fenton","Male",25,0,0,"234686",13,"","Southampton"
"669","No",3,"Cook, Mr. Jacob","Male",43,0,0,"A/5 3536",8.05,"","Southampton"
"671","Yes",2,"Brown, Mrs. Thomas William Solomon (Elizabeth Catherine Ford)","Female",40,1,1,"29750",39,"","Southampton"
"672","No",1,"Davidson, Mr. Thornton","Male",31,1,0,"F.C. 12750",52,"B71","Southampton"
"673","No",2,"Mitchell, Mr. Henry Michael","Male",70,0,0,"C.A. 24580",10.5,"","Southampton"
"674","Yes",2,"Wilhelms, Mr. Charles","Male",31,0,0,"244270",13,"","Southampton"
"676","No",3,"Edvardsson, Mr. Gustaf Hjalmar","Male",18,0,0,"349912",7.775,"","Southampton"
"677","No",3,"Sawyer, Mr. Frederick Charles","Male",24.5,0,0,"342826",8.05,"","Southampton"
"678","Yes",3,"Turja, Miss. Anna Sofia","Female",18,0,0,"4138",9.8417,"","Southampton"
"679","No",3,"Goodwin, Mrs. Frederick (Augusta Tyler)","Female",43,1,6,"CA 2144",46.9,"","Southampton"
"680","Yes",1,"Cardeza, Mr. Thomas Drake Martinez","Male",36,0,1,"PC 17755",512.3292,"B51 B53 B55","Cherbourg"
"682","Yes",1,"Hassab, Mr. Hammad","Male",27,0,0,"PC 17572",76.7292,"D49","Cherbourg"
"683","No",3,"Olsvigen, Mr. Thor Anderson","Male",20,0,0,"6563",9.225,"","Southampton"
"684","No",3,"Goodwin, Mr. Charles Edward","Male",14,5,2,"CA 2144",46.9,"","Southampton"
"685","No",2,"Brown, Mr. Thomas William Solomon","Male",60,1,1,"29750",39,"","Southampton"
"686","No",2,"Laroche, Mr. Joseph Philippe Lemercier","Male",25,1,2,"SC/Paris 2123",41.5792,"","Cherbourg"
"687","No",3,"Panula, Mr. Jaako Arnold","Male",14,4,1,"3101295",39.6875,"","Southampton"
"688","No",3,"Dakic, Mr. Branko","Male",19,0,0,"349228",10.1708,"","Southampton"
"689","No",3,"Fischer, Mr. Eberhard Thelander","Male",18,0,0,"350036",7.7958,"","Southampton"
"690","Yes",1,"Madill, Miss. Georgette Alexandra","Female",15,0,1,"24160",211.3375,"B5","Southampton"
"691","Yes",1,"Dick, Mr. Albert Adrian","Male",31,1,0,"17474",57,"B20","Southampton"
"692","Yes",3,"Karun, Miss. Manca","Female",4,0,1,"349256",13.4167,"","Cherbourg"
"694","No",3,"Saad, Mr. Khalil","Male",25,0,0,"2672",7.225,"","Cherbourg"
"695","No",1,"Weir, Col. John","Male",60,0,0,"113800",26.55,"","Southampton"
"696","No",2,"Chapman, Mr. Charles Henry","Male",52,0,0,"248731",13.5,"","Southampton"
"697","No",3,"Kelly, Mr. James","Male",44,0,0,"363592",8.05,"","Southampton"
"699","No",1,"Thayer, Mr. John Borland","Male",49,1,1,"17421",110.8833,"C68","Cherbourg"
"700","No",3,"Humblen, Mr. Adolf Mathias Nicolai Olsen","Male",42,0,0,"348121",7.65,"F G63","Southampton"
"701","Yes",1,"Astor, Mrs. John Jacob (Madeleine Talmadge Force)","Female",18,1,0,"PC 17757",227.525,"C62 C64","Cherbourg"
"702","Yes",1,"Silverthorne, Mr. Spencer Victor","Male",35,0,0,"PC 17475",26.2875,"E24","Southampton"
"703","No",3,"Barbara, Miss. Saiide","Female",18,0,1,"2691",14.4542,"","Cherbourg"
"704","No",3,"Gallagher, Mr. Martin","Male",25,0,0,"36864",7.7417,"","Queenstown"
"705","No",3,"Hansen, Mr. Henrik Juul","Male",26,1,0,"350025",7.8542,"","Southampton"
"706","No",2,"Morley, Mr. Henry Samuel (""Mr Henry Marshall"")","Male",39,0,0,"250655",26,"","Southampton"
"707","Yes",2,"Kelly, Mrs. Florence ""Fannie""","Female",45,0,0,"223596",13.5,"","Southampton"
"708","Yes",1,"Calderhead, Mr. Edward Pennington","Male",42,0,0,"PC 17476",26.2875,"E24","Southampton"
"709","Yes",1,"Cleaver, Miss. Alice","Female",22,0,0,"113781",151.55,"","Southampton"
"711","Yes",1,"Mayne, Mlle. Berthe Antonine (""Mrs de Villiers"")","Female",24,0,0,"PC 17482",49.5042,"C90","Cherbourg"
"713","Yes",1,"Taylor, Mr. Elmer Zebley","Male",48,1,0,"19996",52,"C126","Southampton"
"714","No",3,"Larsson, Mr. August Viktor","Male",29,0,0,"7545",9.4833,"","Southampton"
"715","No",2,"Greenberg, Mr. Samuel","Male",52,0,0,"250647",13,"","Southampton"
"716","No",3,"Soholt, Mr. Peter Andreas Lauritz Andersen","Male",19,0,0,"348124",7.65,"F G73","Southampton"
"717","Yes",1,"Endres, Miss. Caroline Louise","Female",38,0,0,"PC 17757",227.525,"C45","Cherbourg"
"718","Yes",2,"Troutt, Miss. Edwina Celia ""Winnie""","Female",27,0,0,"34218",10.5,"E101","Southampton"
"720","No",3,"Johnson, Mr. Malkolm Joackim","Male",33,0,0,"347062",7.775,"","Southampton"
"721","Yes",2,"Harper, Miss. Annie Jessie ""Nina""","Female",6,0,1,"248727",33,"","Southampton"
"722","No",3,"Jensen, Mr. Svend Lauritz","Male",17,1,0,"350048",7.0542,"","Southampton"
"723","No",2,"Gillespie, Mr. William Henry","Male",34,0,0,"12233",13,"","Southampton"
"724","No",2,"Hodges, Mr. Henry Price","Male",50,0,0,"250643",13,"","Southampton"
"725","Yes",1,"Chambers, Mr. Norman Campbell","Male",27,1,0,"113806",53.1,"E8","Southampton"
"726","No",3,"Oreskovic, Mr. Luka","Male",20,0,0,"315094",8.6625,"","Southampton"
"727","Yes",2,"Renouf, Mrs. Peter Henry (Lillian Jefferys)","Female",30,3,0,"31027",21,"","Southampton"
"729","No",2,"Bryhl, Mr. Kurt Arnold Gottfrid","Male",25,1,0,"236853",26,"","Southampton"
"730","No",3,"Ilmakangas, Miss. Pieta Sofia","Female",25,1,0,"STON/O2. 3101271",7.925,"","Southampton"
"731","Yes",1,"Allen, Miss. Elisabeth Walton","Female",29,0,0,"24160",211.3375,"B5","Southampton"
"732","No",3,"Hassan, Mr. Houssein G N","Male",11,0,0,"2699",18.7875,"","Cherbourg"
"734","No",2,"Berriman, Mr. William John","Male",23,0,0,"28425",13,"","Southampton"
"735","No",2,"Troupiansky, Mr. Moses Aaron","Male",23,0,0,"233639",13,"","Southampton"
"736","No",3,"Williams, Mr. Leslie","Male",28.5,0,0,"54636",16.1,"","Southampton"
"737","No",3,"Ford, Mrs. Edward (Margaret Ann Watson)","Female",48,1,3,"W./C. 6608",34.375,"","Southampton"
"738","Yes",1,"Lesurer, Mr. Gustave J","Male",35,0,0,"PC 17755",512.3292,"B101","Cherbourg"
"742","No",1,"Cavendish, Mr. Tyrell William","Male",36,1,0,"19877",78.85,"C46","Southampton"
"743","Yes",1,"Ryerson, Miss. Susan Parker ""Suzette""","Female",21,2,2,"PC 17608",262.375,"B57 B59 B63 B66","Cherbourg"
"744","No",3,"McNamee, Mr. Neal","Male",24,1,0,"376566",16.1,"","Southampton"
"745","Yes",3,"Stranden, Mr. Juho","Male",31,0,0,"STON/O 2. 3101288",7.925,"","Southampton"
"746","No",1,"Crosby, Capt. Edward Gifford","Male",70,1,1,"WE/P 5735",71,"B22","Southampton"
"747","No",3,"Abbott, Mr. Rossmore Edward","Male",16,1,1,"C.A. 2673",20.25,"","Southampton"
"748","Yes",2,"Sinkkonen, Miss. Anna","Female",30,0,0,"250648",13,"","Southampton"
"749","No",1,"Marvin, Mr. Daniel Warner","Male",19,1,0,"113773",53.1,"D30","Southampton"
"750","No",3,"Connaghton, Mr. Michael","Male",31,0,0,"335097",7.75,"","Queenstown"
"751","Yes",2,"Wells, Miss. Joan","Female",4,1,1,"29103",23,"","Southampton"
"752","Yes",3,"Moor, Master. Meier","Male",6,0,1,"392096",12.475,"E121","Southampton"
"753","No",3,"Vande Velde, Mr. Johannes Joseph","Male",33,0,0,"345780",9.5,"","Southampton"
"754","No",3,"Jonkoff, Mr. Lalio","Male",23,0,0,"349204",7.8958,"","Southampton"
"755","Yes",2,"Herman, Mrs. Samuel (Jane Laver)","Female",48,1,2,"220845",65,"","Southampton"
"756","Yes",2,"Hamalainen, Master. Viljo","Male",0.67,1,1,"250649",14.5,"","Southampton"
"757","No",3,"Carlsson, Mr. August Sigfrid","Male",28,0,0,"350042",7.7958,"","Southampton"
"758","No",2,"Bailey, Mr. Percy Andrew","Male",18,0,0,"29108",11.5,"","Southampton"
"759","No",3,"Theobald, Mr. Thomas Leonard","Male",34,0,0,"363294",8.05,"","Southampton"
"760","Yes",1,"Rothes, the Countess. of (Lucy Noel Martha Dyer-Edwards)","Female",33,0,0,"110152",86.5,"B77","Southampton"
"762","No",3,"Nirva, Mr. Iisakki Antino Aijo","Male",41,0,0,"SOTON/O2 3101272",7.125,"","Southampton"
"763","Yes",3,"Barah, Mr. Hanna Assi","Male",20,0,0,"2663",7.2292,"","Cherbourg"
"764","Yes",1,"Carter, Mrs. William Ernest (Lucile Polk)","Female",36,1,2,"113760",120,"B96 B98","Southampton"
"765","No",3,"Eklund, Mr. Hans Linus","Male",16,0,0,"347074",7.775,"","Southampton"
"766","Yes",1,"Hogeboom, Mrs. John C (Anna Andrews)","Female",51,1,0,"13502",77.9583,"D11","Southampton"
"768","No",3,"Mangan, Miss. Mary","Female",30.5,0,0,"364850",7.75,"","Queenstown"
"770","No",3,"Gronnestad, Mr. Daniel Danielsen","Male",32,0,0,"8471",8.3625,"","Southampton"
"771","No",3,"Lievens, Mr. Rene Aime","Male",24,0,0,"345781",9.5,"","Southampton"
"772","No",3,"Jensen, Mr. Niels Peder","Male",48,0,0,"350047",7.8542,"","Southampton"
"773","No",2,"Mack, Mrs. (Mary)","Female",57,0,0,"S.O./P.P. 3",10.5,"E77","Southampton"
"775","Yes",2,"Hocking, Mrs. Elizabeth (Eliza Needs)","Female",54,1,3,"29105",23,"","Southampton"
"776","No",3,"Myhrman, Mr. Pehr Fabian Oliver Malkolm","Male",18,0,0,"347078",7.75,"","Southampton"
"778","Yes",3,"Emanuel, Miss. Virginia Ethel","Female",5,0,0,"364516",12.475,"","Southampton"
"780","Yes",1,"Robert, Mrs. Edward Scott (Elisabeth Walton McMillan)","Female",43,0,1,"24160",211.3375,"B3","Southampton"
"781","Yes",3,"Ayoub, Miss. Banoura","Female",13,0,0,"2687",7.2292,"","Cherbourg"
"782","Yes",1,"Dick, Mrs. Albert Adrian (Vera Gillespie)","Female",17,1,0,"17474",57,"B20","Southampton"
"783","No",1,"Long, Mr. Milton Clyde","Male",29,0,0,"113501",30,"D6","Southampton"
"785","No",3,"Ali, Mr. William","Male",25,0,0,"SOTON/O.Q. 3101312",7.05,"","Southampton"
"786","No",3,"Harmer, Mr. Abraham (David Lishin)","Male",25,0,0,"374887",7.25,"","Southampton"
"787","Yes",3,"Sjoblom, Miss. Anna Sofia","Female",18,0,0,"3101265",7.4958,"","Southampton"
"788","No",3,"Rice, Master. George Hugh","Male",8,4,1,"382652",29.125,"","Queenstown"
"789","Yes",3,"Dean, Master. Bertram Vere","Male",1,1,2,"C.A. 2315",20.575,"","Southampton"
"790","No",1,"Guggenheim, Mr. Benjamin","Male",46,0,0,"PC 17593",79.2,"B82 B84","Cherbourg"
"792","No",2,"Gaskell, Mr. Alfred","Male",16,0,0,"239865",26,"","Southampton"
"795","No",3,"Dantcheff, Mr. Ristiu","Male",25,0,0,"349203",7.8958,"","Southampton"
"796","No",2,"Otter, Mr. Richard","Male",39,0,0,"28213",13,"","Southampton"
"797","Yes",1,"Leader, Dr. Alice (Farnham)","Female",49,0,0,"17465",25.9292,"D17","Southampton"
"798","Yes",3,"Osman, Mrs. Mara","Female",31,0,0,"349244",8.6833,"","Southampton"
"799","No",3,"Ibrahim Shawah, Mr. Yousseff","Male",30,0,0,"2685",7.2292,"","Cherbourg"
"800","No",3,"Van Impe, Mrs. Jean Baptiste (Rosalie Paula Govaert)","Female",30,1,1,"345773",24.15,"","Southampton"
"801","No",2,"Ponesell, Mr. Martin","Male",34,0,0,"250647",13,"","Southampton"
"802","Yes",2,"Collyer, Mrs. Harvey (Charlotte Annie Tate)","Female",31,1,1,"C.A. 31921",26.25,"","Southampton"
"803","Yes",1,"Carter, Master. William Thornton II","Male",11,1,2,"113760",120,"B96 B98","Southampton"
"804","Yes",3,"Thomas, Master. Assad Alexander","Male",0.42,0,1,"2625",8.5167,"","Cherbourg"
"805","Yes",3,"Hedman, Mr. Oskar Arvid","Male",27,0,0,"347089",6.975,"","Southampton"
"806","No",3,"Johansson, Mr. Karl Johan","Male",31,0,0,"347063",7.775,"","Southampton"
"807","No",1,"Andrews, Mr. Thomas Jr","Male",39,0,0,"112050",0,"A36","Southampton"
"808","No",3,"Pettersson, Miss. Ellen Natalia","Female",18,0,0,"347087",7.775,"","Southampton"
"809","No",2,"Meyer, Mr. August","Male",39,0,0,"248723",13,"","Southampton"
"810","Yes",1,"Chambers, Mrs. Norman Campbell (Bertha Griggs)","Female",33,1,0,"113806",53.1,"E8","Southampton"
"811","No",3,"Alexander, Mr. William","Male",26,0,0,"3474",7.8875,"","Southampton"
"812","No",3,"Lester, Mr. James","Male",39,0,0,"A/4 48871",24.15,"","Southampton"
"813","No",2,"Slemen, Mr. Richard James","Male",35,0,0,"28206",10.5,"","Southampton"
"814","No",3,"Andersson, Miss. Ebba Iris Alfrida","Female",6,4,2,"347082",31.275,"","Southampton"
"815","No",3,"Tomlin, Mr. Ernest Portage","Male",30.5,0,0,"364499",8.05,"","Southampton"
"817","No",3,"Heininen, Miss. Wendla Maria","Female",23,0,0,"STON/O2. 3101290",7.925,"","Southampton"
"818","No",2,"Mallet, Mr. Albert","Male",31,1,1,"S.C./PARIS 2079",37.0042,"","Cherbourg"
"819","No",3,"Holm, Mr. John Fredrik Alexander","Male",43,0,0,"C 7075",6.45,"","Southampton"
"820","No",3,"Skoog, Master. Karl Thorsten","Male",10,3,2,"347088",27.9,"","Southampton"
"821","Yes",1,"Hays, Mrs. Charles Melville (Clara Jennings Gregg)","Female",52,1,1,"12749",93.5,"B69","Southampton"
"822","Yes",3,"Lulic, Mr. Nikola","Male",27,0,0,"315098",8.6625,"","Southampton"
"823","No",1,"Reuchlin, Jonkheer. John George","Male",38,0,0,"19972",0,"","Southampton"
"824","Yes",3,"Moor, Mrs. (Beila)","Female",27,0,1,"392096",12.475,"E121","Southampton"
"825","No",3,"Panula, Master. Urho Abraham","Male",2,4,1,"3101295",39.6875,"","Southampton"
"828","Yes",2,"Mallet, Master. Andre","Male",1,0,2,"S.C./PARIS 2079",37.0042,"","Cherbourg"
"831","Yes",3,"Yasbeck, Mrs. Antoni (Selini Alexander)","Female",15,1,0,"2659",14.4542,"","Cherbourg"
"832","Yes",2,"Richards, Master. George Sibley","Male",0.83,1,1,"29106",18.75,"","Southampton"
"834","No",3,"Augustsson, Mr. Albert","Male",23,0,0,"347468",7.8542,"","Southampton"
"835","No",3,"Allum, Mr. Owen George","Male",18,0,0,"2223",8.3,"","Southampton"
"836","Yes",1,"Compton, Miss. Sara Rebecca","Female",39,1,1,"PC 17756",83.1583,"E49","Cherbourg"
"837","No",3,"Pasic, Mr. Jakob","Male",21,0,0,"315097",8.6625,"","Southampton"
"839","Yes",3,"Chip, Mr. Chang","Male",32,0,0,"1601",56.4958,"","Southampton"
"841","No",3,"Alhomaki, Mr. Ilmari Rudolf","Male",20,0,0,"SOTON/O2 3101287",7.925,"","Southampton"
"842","No",2,"Mudd, Mr. Thomas Charles","Male",16,0,0,"S.O./P.P. 3",10.5,"","Southampton"
"843","Yes",1,"Serepeca, Miss. Augusta","Female",30,0,0,"113798",31,"","Cherbourg"
"844","No",3,"Lemberopolous, Mr. Peter L","Male",34.5,0,0,"2683",6.4375,"","Cherbourg"
"845","No",3,"Culumovic, Mr. Jeso","Male",17,0,0,"315090",8.6625,"","Southampton"
"846","No",3,"Abbing, Mr. Anthony","Male",42,0,0,"C.A. 5547",7.55,"","Southampton"
"848","No",3,"Markoff, Mr. Marin","Male",35,0,0,"349213",7.8958,"","Cherbourg"
"849","No",2,"Harper, Rev. John","Male",28,0,1,"248727",33,"","Southampton"
"851","No",3,"Andersson, Master. Sigvard Harald Elias","Male",4,4,2,"347082",31.275,"","Southampton"
"852","No",3,"Svensson, Mr. Johan","Male",74,0,0,"347060",7.775,"","Southampton"
"853","No",3,"Boulos, Miss. Nourelain","Female",9,1,1,"2678",15.2458,"","Cherbourg"
"854","Yes",1,"Lines, Miss. Mary Conover","Female",16,0,1,"PC 17592",39.4,"D28","Southampton"
"855","No",2,"Carter, Mrs. Ernest Courtenay (Lilian Hughes)","Female",44,1,0,"244252",26,"","Southampton"
"856","Yes",3,"Aks, Mrs. Sam (Leah Rosen)","Female",18,0,1,"392091",9.35,"","Southampton"
"857","Yes",1,"Wick, Mrs. George Dennick (Mary Hitchcock)","Female",45,1,1,"36928",164.8667,"","Southampton"
"858","Yes",1,"Daly, Mr. Peter Denis ","Male",51,0,0,"113055",26.55,"E17","Southampton"
"859","Yes",3,"Baclini, Mrs. Solomon (Latifa Qurban)","Female",24,0,3,"2666",19.2583,"","Cherbourg"
"861","No",3,"Hansen, Mr. Claus Peter","Male",41,2,0,"350026",14.1083,"","Southampton"
"862","No",2,"Giles, Mr. Frederick Edward","Male",21,1,0,"28134",11.5,"","Southampton"
"863","Yes",1,"Swift, Mrs. Frederick Joel (Margaret Welles Barron)","Female",48,0,0,"17466",25.9292,"D17","Southampton"
"865","No",2,"Gill, Mr. John William","Male",24,0,0,"233866",13,"","Southampton"
"866","Yes",2,"Bystrom, Mrs. (Karolina)","Female",42,0,0,"236852",13,"","Southampton"
"867","Yes",2,"Duran y More, Miss. Asuncion","Female",27,1,0,"SC/PARIS 2149",13.8583,"","Cherbourg"
"868","No",1,"Roebling, Mr. Washington Augustus II","Male",31,0,0,"PC 17590",50.4958,"A24","Southampton"
"870","Yes",3,"Johnson, Master. Harold Theodor","Male",4,1,1,"347742",11.1333,"","Southampton"
"871","No",3,"Balkic, Mr. Cerin","Male",26,0,0,"349248",7.8958,"","Southampton"
"872","Yes",1,"Beckwith, Mrs. Richard Leonard (Sallie Monypeny)","Female",47,1,1,"11751",52.5542,"D35","Southampton"
"873","No",1,"Carlsson, Mr. Frans Olof","Male",33,0,0,"695",5,"B51 B53 B55","Southampton"
"874","No",3,"Vander Cruyssen, Mr. Victor","Male",47,0,0,"345765",9,"","Southampton"
"875","Yes",2,"Abelson, Mrs. Samuel (Hannah Wizosky)","Female",28,1,0,"P/PP 3381",24,"","Cherbourg"
"876","Yes",3,"Najib, Miss. Adele Kiamie ""Jane""","Female",15,0,0,"2667",7.225,"","Cherbourg"
"877","No",3,"Gustafsson, Mr. Alfred Ossian","Male",20,0,0,"7534",9.8458,"","Southampton"
"878","No",3,"Petroff, Mr. Nedelio","Male",19,0,0,"349212",7.8958,"","Southampton"
"880","Yes",1,"Potter, Mrs. Thomas Jr (Lily Alexenia Wilson)","Female",56,0,1,"11767",83.1583,"C50","Cherbourg"
"881","Yes",2,"Shelley, Mrs. William (Imanita Parrish Hall)","Female",25,0,1,"230433",26,"","Southampton"
"882","No",3,"Markun, Mr. Johann","Male",33,0,0,"349257",7.8958,"","Southampton"
"883","No",3,"Dahlberg, Miss. Gerda Ulrika","Female",22,0,0,"7552",10.5167,"","Southampton"
"884","No",2,"Banfield, Mr. Frederick James","Male",28,0,0,"C.A./SOTON 34068",10.5,"","Southampton"
"885","No",3,"Sutehall, Mr. Henry Jr","Male",25,0,0,"SOTON/OQ 392076",7.05,"","Southampton"
"886","No",3,"Rice, Mrs. William (Margaret Norton)","Female",39,0,5,"382652",29.125,"","Queenstown"
"887","No",2,"Montvila, Rev. Juozas","Male",27,0,0,"211536",13,"","Southampton"
"888","Yes",1,"Graham, Miss. Margaret Edith","Female",19,0,0,"112053",30,"B42","Southampton"
"890","Yes",1,"Behr, Mr. Karl Howell","Male",26,0,0,"111369",30,"C148","Cherbourg"
"891","No",3,"Dooley, Mr. Patrick","Male",32,0,0,"370376",7.75,"","Queenstown"
